Name,MIME Type,File Extension,Details,FileType
Andrew Toolkit,application/andrew-inset,N/A,IANA - Andrew Inset,unknown
Applixware,application/applixware,.aw,Vistasource,unknown
Atom Syndication Format,application/atom+xml,".atom, .xml",RFC 4287,unknown
Atom Publishing Protocol,application/atomcat+xml,.atomcat,RFC 5023,unknown
Atom Publishing Protocol Service Document,application/atomsvc+xml,.atomsvc,RFC 5023,unknown
Voice Browser Call Control,"application/ccxml+xml,",.ccxml,Voice Browser Call Control: CCXML Version 1.0,unknown
Cloud Data Management Interface (CDMI) - Capability,application/cdmi-capability,.cdmia,RFC 6208,unknown
Cloud Data Management Interface (CDMI) - Contaimer,application/cdmi-container,.cdmic,RFC 6209,unknown
Cloud Data Management Interface (CDMI) - Domain,application/cdmi-domain,.cdmid,RFC 6210,unknown
Cloud Data Management Interface (CDMI) - Object,application/cdmi-object,.cdmio,RFC 6211,unknown
Cloud Data Management Interface (CDMI) - Queue,application/cdmi-queue,.cdmiq,RFC 6212,unknown
CU-SeeMe,application/cu-seeme,.cu,White Pine,unknown
Web Distributed Authoring and Versioning,application/davmount+xml,.davmount,RFC 4918,unknown
Data Structure for the Security Suitability of Cryptographic Algorithms,application/dssc+der,.dssc,RFC 5698,unknown
Data Structure for the Security Suitability of Cryptographic Algorithms,application/dssc+xml,.xdssc,RFC 5698,unknown
ECMAScript,application/ecmascript,.es,ECMA-357,unknown
Extensible MultiModal Annotation,application/emma+xml,.emma,EMMA: Extensible MultiModal Annotation markup language,unknown
Electronic Publication,application/epub+zip,.epub,Wikipedia: EPUB,unknown
Efficient XML Interchange,application/exi,.exi,Efficient XML Interchange (EXI) Best Practices,unknown
Portable Font Resource,application/font-tdpfr,.pfr,RFC 3073,unknown
Hyperstudio,application/hyperstudio,.stk,IANA - Hyperstudio,unknown
Internet Protocol Flow Information Export,application/ipfix,.ipfix,RFC 3917,unknown
Java Archive,application/java-archive,.jar,Wikipedia: JAR file format,unknown
Java Serialized Object,application/java-serialized-object,.ser,Java Serialization API,unknown
Java Bytecode File,application/java-vm,.class,Wikipedia: Java Bytecode,unknown
JavaScript,application/javascript,.js,JavaScript,unknown
JavaScript Object Notation (JSON),application/json,.json,Wikipedia: JSON,unknown
Macintosh BinHex 4.0,application/mac-binhex40,.hqx,MacMIME,unknown
Compact Pro,application/mac-compactpro,.cpt,Compact Pro,unknown
Metadata Authority Description Schema,application/mads+xml,.mads,RFC 6207,unknown
MARC Formats,application/marc,.mrc,RFC 2220,unknown
MARC21 XML Schema,application/marcxml+xml,.mrcx,RFC 6207,unknown
Mathematica Notebooks,application/mathematica,.ma,IANA - Mathematica,unknown
Mathematical Markup Language,application/mathml+xml,.mathml,W3C Math Home,unknown
Mbox database files,application/mbox,.mbox,RFC 4155,unknown
Media Server Control Markup Language,application/mediaservercontrol+xml,.mscml,RFC 5022,unknown
Metalink,application/metalink4+xml,.meta4,Wikipedia: Metalink,unknown
Metadata Encoding and Transmission Standard,application/mets+xml,.mets,RFC 6207,unknown
Metadata Object Description Schema,application/mods+xml,.mods,RFC 6207,unknown
MPEG-21,application/mp21,.m21,Wikipedia: MPEG-21,unknown
MPEG4,application/mp4,.mp4,RFC 4337,unknown
Microsoft Word,application/msword,.doc,Wikipedia: Microsoft Word,msword
Material Exchange Format,application/mxf,.mxf,RFC 4539,unknown
Binary Data,application/octet-stream,.bin,,unknown
Office Document Architecture,application/oda,.oda,RFC 2161,unknown
Open eBook Publication Structure,application/oebps-package+xml,.opf,Wikipedia: Open eBook,unknown
Ogg,application/ogg,.ogx,Wikipedia: Ogg,unknown
Microsoft OneNote,application/onenote,.onetoc,MS OneNote 2010,unknown
XML Patch Framework,application/patch-ops-error+xml,.xer,RFC 5261,unknown
Adobe Portable Document Format,application/pdf,.pdf,Adobe PDF,pdf
Pretty Good Privacy,application/pgp-encrypted,.pgp,RFC 2015,unknown
Pretty Good Privacy - Signature,application/pgp-signature,.pgp,RFC 2015,unknown
PICSRules,application/pics-rules,.prf,W3C PICSRules,unknown
PKCS #10 - Certification Request Standard,application/pkcs10,.p10,RFC 2986,unknown
PKCS #7 - Cryptographic Message Syntax Standard,application/pkcs7-mime,.p7m,RFC 2315,unknown
PKCS #7 - Cryptographic Message Syntax Standard,application/pkcs7-signature,.p7s,RFC 2315,unknown
PKCS #8 - Private-Key Information Syntax Standard,application/pkcs8,.p8,RFC 5208,unknown
Attribute Certificate,application/pkix-attr-cert,.ac,RFC 5877,unknown
Internet Public Key Infrastructure - Certificate,application/pkix-cert,.cer,RFC 2585,unknown
Internet Public Key Infrastructure - Certificate Revocation Lists,application/pkix-crl,.crl,RFC 2585,unknown
Internet Public Key Infrastructure - Certification Path,application/pkix-pkipath,.pkipath,RFC 2585,unknown
Internet Public Key Infrastructure - Certificate Management Protocole,application/pkixcmp,.pki,RFC 2585,unknown
Pronunciation Lexicon Specification,application/pls+xml,.pls,RFC 4267,unknown
PostScript,application/postscript,.ai,Wikipedia: PostScript,unknown
CU-Writer,application/prs.cww,.cww,,unknown
Portable Symmetric Key Container,application/pskc+xml,.pskcxml,RFC 6030,unknown
Resource Description Framework,application/rdf+xml,.rdf,RFC 3870,unknown
IMS Networks,application/reginfo+xml,.rif,,unknown
Relax NG Compact Syntax,application/relax-ng-compact-syntax,.rnc,Relax NG,unknown
XML Resource Lists,application/resource-lists+xml,.rl,RFC 4826,unknown
XML Resource Lists Diff,application/resource-lists-diff+xml,.rld,RFC 4826,unknown
XML Resource Lists,application/rls-services+xml,.rs,RFC 4826,unknown
Really Simple Discovery,application/rsd+xml,.rsd,Wikipedia: Really Simple Discovery,unknown
RSS - Really Simple Syndication,application/rss+xml,".rss, .xml",Wikipedia: RSS,unknown
Rich Text Format,application/rtf,.rtf,Wikipedia: Rich Text Format,unknown
Systems Biology Markup Language,application/sbml+xml,.sbml,RFC 3823,unknown
Server-Based Certificate Validation Protocol - Validation Request,application/scvp-cv-request,.scq,RFC 5055,unknown
Server-Based Certificate Validation Protocol - Validation Response,application/scvp-cv-response,.scs,RFC 5055,unknown
Server-Based Certificate Validation Protocol - Validation Policies - Request,application/scvp-vp-request,.spq,RFC 5055,unknown
Server-Based Certificate Validation Protocol - Validation Policies - Response,application/scvp-vp-response,.spp,RFC 5055,unknown
Session Description Protocol,application/sdp,.sdp,RFC 2327,unknown
Secure Electronic Transaction - Payment,application/set-payment-initiation,.setpay,IANA: SET Payment,unknown
Secure Electronic Transaction - Registration,application/set-registration-initiation,.setreg,IANA: SET Registration,unknown
S Hexdump Format,application/shf+xml,.shf,RFC 4194,unknown
Synchronized Multimedia Integration Language,application/smil+xml,.smi,RFC 4536,unknown
SPARQL - Query,application/sparql-query,.rq,W3C SPARQL,unknown
SPARQL - Results,application/sparql-results+xml,.srx,W3C SPARQL,unknown
Speech Recognition Grammar Specification,application/srgs,.gram,W3C Speech Grammar,unknown
Speech Recognition Grammar Specification - XML,application/srgs+xml,.grxml,W3C Speech Grammar,unknown
Search/Retrieve via URL Response Format,application/sru+xml,.sru,RFC 6207,unknown
Speech Synthesis Markup Language,application/ssml+xml,.ssml,W3C Speech Synthesis,unknown
Text Encoding and Interchange,application/tei+xml,.tei,RFC 6129,unknown
Sharing Transaction Fraud Data,application/thraud+xml,.tfi,RFC 5941,unknown
Time Stamped Data Envelope,application/timestamped-data,.tsd,RFC 5955,unknown
3rd Generation Partnership Project - Pic Large,application/vnd.3gpp.pic-bw-large,.plb,3GPP,unknown
3rd Generation Partnership Project - Pic Small,application/vnd.3gpp.pic-bw-small,.psb,3GPP,unknown
3rd Generation Partnership Project - Pic Var,application/vnd.3gpp.pic-bw-var,.pvb,3GPP,unknown
3rd Generation Partnership Project - Transaction Capabilities Application Part,application/vnd.3gpp2.tcap,.tcap,3GPP,unknown
3M Post It Notes,application/vnd.3m.post-it-notes,.pwn,IANA: 3M Post It Notes,unknown
Simply Accounting,application/vnd.accpac.simply.aso,.aso,IANA: Simply Accounting,unknown
Simply Accounting - Data Import,application/vnd.accpac.simply.imp,.imp,IANA: Simply Accounting,unknown
ACU Cobol,application/vnd.acucobol,.acu,IANA: ACU Cobol,unknown
ACU Cobol,application/vnd.acucorp,.atc,IANA: ACU Cobol,unknown
Adobe AIR Application,application/vnd.adobe.air-application-installer-package+zip,.air,Building AIR Applications,unknown
Adobe Flex Project,application/vnd.adobe.fxp,.fxp,IANA: Adobe Flex Project,unknown
Adobe XML Data Package,application/vnd.adobe.xdp+xml,.xdp,Wikipedia: XML Data Package,unknown
Adobe XML Forms Data Format,application/vnd.adobe.xfdf,.xfdf,Wikipedia: XML Portable Document Format,unknown
Ahead AIR Application,application/vnd.ahead.space,.ahead,IANA: Ahead AIR Application,unknown
AirZip FileSECURE,application/vnd.airzip.filesecure.azf,.azf,IANA: AirZip,unknown
AirZip FileSECURE,application/vnd.airzip.filesecure.azs,.azs,IANA: AirZip,unknown
Amazon Kindle eBook format,application/vnd.amazon.ebook,.azw,Kindle Direct Publishing,unknown
Active Content Compression,application/vnd.americandynamics.acc,.acc,IANA: Active Content Compression,unknown
AmigaDE,application/vnd.amiga.ami,.ami,IANA: Amiga,unknown
Android Package Archive,application/vnd.android.package-archive,.apk,Wikipedia: APK File Format,unknown
ANSER-WEB Terminal Client - Certificate Issue,application/vnd.anser-web-certificate-issue-initiation,.cii,IANA: ANSWER-WEB,unknown
ANSER-WEB Terminal Client - Web Funds Transfer,application/vnd.anser-web-funds-transfer-initiation,.fti,IANA: ANSWER-WEB,unknown
Antix Game Player,application/vnd.antix.game-component,.atx,IANA: Antix Game Component,unknown
Apple Installer Package,application/vnd.apple.installer+xml,.mpkg,IANA: Apple Installer,unknown
Multimedia Playlist Unicode,application/vnd.apple.mpegurl,.m3u8,Wikipedia: M3U,unknown
Arista Networks Software Image,application/vnd.aristanetworks.swi,.swi,IANA: Arista Networks Software Image,unknown
Audiograph,application/vnd.audiograph,.aep,IANA: Audiograph,unknown
Blueice Research Multipass,application/vnd.blueice.multipass,.mpm,IANA: Multipass,unknown
BMI Drawing Data Interchange,application/vnd.bmi,.bmi,IANA: BMI,unknown
BusinessObjects,application/vnd.businessobjects,.rep,IANA: BusinessObjects,unknown
CambridgeSoft Chem Draw,application/vnd.chemdraw+xml,.cdxml,IANA: Chem Draw,unknown
Karaoke on Chipnuts Chipsets,application/vnd.chipnuts.karaoke-mmd,.mmd,IANA: Chipnuts Karaoke,unknown
Interactive Geometry Software Cinderella,application/vnd.cinderella,.cdy,IANA: Cinderella,unknown
Claymore Data Files,application/vnd.claymore,.cla,IANA: Claymore,unknown
RetroPlatform Player,application/vnd.cloanto.rp9,.rp9,IANA: RetroPlatform Player,unknown
Clonk Game,application/vnd.clonk.c4group,.c4g,IANA: Clonk,unknown
ClueTrust CartoMobile - Config,application/vnd.cluetrust.cartomobile-config,.c11amc,IANA: CartoMobile,unknown
ClueTrust CartoMobile - Config Package,application/vnd.cluetrust.cartomobile-config-pkg,.c11amz,IANA: CartoMobile,unknown
Sixth Floor Media - CommonSpace,application/vnd.commonspace,.csp,IANA: CommonSpace,unknown
CIM Database,application/vnd.contact.cmsg,.cdbcmsg,IANA: CIM Database,unknown
CosmoCaller,application/vnd.cosmocaller,.cmc,IANA: CosmoCaller,unknown
CrickSoftware - Clicker,application/vnd.crick.clicker,.clkx,IANA: Clicker,unknown
CrickSoftware - Clicker - Keyboard,application/vnd.crick.clicker.keyboard,.clkk,IANA: Clicker,unknown
CrickSoftware - Clicker - Palette,application/vnd.crick.clicker.palette,.clkp,IANA: Clicker,unknown
CrickSoftware - Clicker - Template,application/vnd.crick.clicker.template,.clkt,IANA: Clicker,unknown
CrickSoftware - Clicker - Wordbank,application/vnd.crick.clicker.wordbank,.clkw,IANA: Clicker,unknown
Critical Tools - PERT Chart EXPERT,application/vnd.criticaltools.wbs+xml,.wbs,IANA: Critical Tools,unknown
PosML,application/vnd.ctc-posml,.pml,IANA: PosML,unknown
Adobe PostScript Printer Description File Format,application/vnd.cups-ppd,.ppd,IANA: Cups,unknown
CURL Applet,application/vnd.curl.car,.car,IANA: CURL Applet,unknown
CURL Applet,application/vnd.curl.pcurl,.pcurl,IANA: CURL Applet,unknown
RemoteDocs R-Viewer,application/vnd.data-vision.rdz,.rdz,IANA: Data-Vision,unknown
FCS Express Layout Link,application/vnd.denovo.fcselayout-link,.fe_launch,IANA: FCS Express Layout Link,unknown
New Moon Liftoff/DNA,application/vnd.dna,.dna,IANA: New Moon Liftoff/DNA,unknown
Dolby Meridian Lossless Packing,application/vnd.dolby.mlp,.mlp,IANA: Dolby Meridian Lossless Packing,unknown
DPGraph,application/vnd.dpgraph,.dpg,IANA: DPGraph,unknown
DreamFactory,application/vnd.dreamfactory,.dfac,IANA: DreamFactory,unknown
Digital Video Broadcasting,application/vnd.dvb.ait,.ait,IANA: Digital Video Broadcasting,unknown
Digital Video Broadcasting,application/vnd.dvb.service,.svc,IANA: Digital Video Broadcasting,unknown
DynaGeo,application/vnd.dynageo,.geo,IANA: DynaGeo,unknown
EcoWin Chart,application/vnd.ecowin.chart,.mag,IANA: EcoWin Chart,unknown
Enliven Viewer,application/vnd.enliven,.nml,IANA: Enliven Viewer,unknown
QUASS Stream Player,application/vnd.epson.esf,.esf,IANA: QUASS Stream Player,unknown
QUASS Stream Player,application/vnd.epson.msf,.msf,IANA: QUASS Stream Player,unknown
QuickAnime Player,application/vnd.epson.quickanime,.qam,IANA: QuickAnime Player,unknown
SimpleAnimeLite Player,application/vnd.epson.salt,.slt,IANA: SimpleAnimeLite Player,unknown
QUASS Stream Player,application/vnd.epson.ssf,.ssf,IANA: QUASS Stream Player,unknown
MICROSEC e-Szign›,application/vnd.eszigno3+xml,.es3,IANA: MICROSEC e-Szign›,unknown
EZPix Secure Photo Album,application/vnd.ezpix-album,.ez2,IANA: EZPix Secure Photo Album,unknown
EZPix Secure Photo Album,application/vnd.ezpix-package,.ez3,IANA: EZPix Secure Photo Album,unknown
Forms Data Format,application/vnd.fdf,.fdf,IANA: Forms Data Format,unknown
Digital Siesmograph Networks - SEED Datafiles,application/vnd.fdsn.seed,.seed,IANA: SEED,unknown
NpGraphIt,application/vnd.flographit,.gph,IANA: FloGraphIt,unknown
FluxTime Clip,application/vnd.fluxtime.clip,.ftc,IANA: FluxTime Clip,unknown
FrameMaker Normal Format,application/vnd.framemaker,.fm,IANA: FrameMaker,unknown
Frogans Player,application/vnd.frogans.fnc,.fnc,IANA: Frogans Player,unknown
Frogans Player,application/vnd.frogans.ltf,.ltf,IANA: Frogans Player,unknown
Friendly Software Corporation,application/vnd.fsc.weblaunch,.fsc,IANA: Friendly Software Corporation,unknown
Fujitsu Oasys,application/vnd.fujitsu.oasys,.oas,IANA: Fujitsu Oasys,unknown
Fujitsu Oasys,application/vnd.fujitsu.oasys2,.oa2,IANA: Fujitsu Oasys,unknown
Fujitsu Oasys,application/vnd.fujitsu.oasys3,.oa3,IANA: Fujitsu Oasys,unknown
Fujitsu Oasys,application/vnd.fujitsu.oasysgp,.fg5,IANA: Fujitsu Oasys,unknown
Fujitsu Oasys,application/vnd.fujitsu.oasysprs,.bh2,IANA: Fujitsu Oasys,unknown
Fujitsu - Xerox 2D CAD Data,application/vnd.fujixerox.ddd,.ddd,IANA: Fujitsu DDD,unknown
Fujitsu - Xerox DocuWorks,application/vnd.fujixerox.docuworks,.xdw,IANA: Docuworks,unknown
Fujitsu - Xerox DocuWorks Binder,application/vnd.fujixerox.docuworks.binder,.xbd,IANA: Docuworks Binder,unknown
FuzzySheet,application/vnd.fuzzysheet,.fzs,IANA: FuzySheet,unknown
Genomatix Tuxedo Framework,application/vnd.genomatix.tuxedo,.txd,IANA: Genomatix Tuxedo Framework,unknown
GeoGebra,application/vnd.geogebra.file,.ggb,IANA: GeoGebra,unknown
GeoGebra,application/vnd.geogebra.tool,.ggt,IANA: GeoGebra,unknown
GeoMetry Explorer,application/vnd.geometry-explorer,.gex,IANA: GeoMetry Explorer,unknown
GEONExT and JSXGraph,application/vnd.geonext,.gxt,IANA: GEONExT and JSXGraph,unknown
GeoplanW,application/vnd.geoplan,.g2w,IANA: GeoplanW,unknown
GeospacW,application/vnd.geospace,.g3w,IANA: GeospacW,unknown
GameMaker ActiveX,application/vnd.gmx,.gmx,IANA: GameMaker ActiveX,unknown
Google Earth - KML,application/vnd.google-earth.kml+xml,.kml,IANA: Google Earth,unknown
Google Earth - Zipped KML,application/vnd.google-earth.kmz,.kmz,IANA: Google Earth,unknown
GrafEq,application/vnd.grafeq,.gqf,IANA: GrafEq,unknown
Groove - Account,application/vnd.groove-account,.gac,IANA: Groove,unknown
Groove - Help,application/vnd.groove-help,.ghf,IANA: Groove,unknown
Groove - Identity Message,application/vnd.groove-identity-message,.gim,IANA: Groove,unknown
Groove - Injector,application/vnd.groove-injector,.grv,IANA: Groove,unknown
Groove - Tool Message,application/vnd.groove-tool-message,.gtm,IANA: Groove,unknown
Groove - Tool Template,application/vnd.groove-tool-template,.tpl,IANA: Groove,unknown
Groove - Vcard,application/vnd.groove-vcard,.vcg,IANA: Groove,unknown
Hypertext Application Language,application/vnd.hal+xml,.hal,IANA: HAL,unknown
ZVUE Media Manager,application/vnd.handheld-entertainment+xml,.zmm,IANA: ZVUE Media Manager,unknown
Homebanking Computer Interface (HBCI),application/vnd.hbci,.hbci,IANA: HBCI,unknown
Archipelago Lesson Player,application/vnd.hhe.lesson-player,.les,IANA: Archipelago Lesson Player,unknown
HP-GL/2 and HP RTL,application/vnd.hp-hpgl,.hpgl,IANA: HP-GL/2 and HP RTL,unknown
Hewlett Packard Instant Delivery,application/vnd.hp-hpid,.hpid,IANA: Hewlett Packard Instant Delivery,unknown
Hewlett-Packard's WebPrintSmart,application/vnd.hp-hps,.hps,IANA: Hewlett-Packard's WebPrintSmart,unknown
HP Indigo Digital Press - Job Layout Languate,application/vnd.hp-jlyt,.jlt,IANA: HP Job Layout Language,unknown
HP Printer Command Language,application/vnd.hp-pcl,.pcl,IANA: HP Printer Command Language,unknown
PCL 6 Enhanced (Formely PCL XL),application/vnd.hp-pclxl,.pclxl,IANA: HP PCL XL,unknown
Hydrostatix Master Suite,application/vnd.hydrostatix.sof-data,.sfd-hdstx,IANA: Hydrostatix Master Suite,unknown
3D Crossword Plugin,application/vnd.hzn-3d-crossword,.x3d,IANA: 3D Crossword Plugin,unknown
MiniPay,application/vnd.ibm.minipay,.mpy,IANA: MiniPay,unknown
MO:DCA-P,application/vnd.ibm.modcap,.afp,IANA: MO:DCA-P,unknown
IBM DB2 Rights Manager,application/vnd.ibm.rights-management,.irm,IANA: IBM DB2 Rights Manager,unknown
IBM Electronic Media Management System - Secure Container,application/vnd.ibm.secure-container,.sc,IANA: EMMS,unknown
ICC profile,application/vnd.iccprofile,.icc,IANA: ICC profile,unknown
igLoader,application/vnd.igloader,.igl,IANA: igLoader,unknown
ImmerVision PURE Players,application/vnd.immervision-ivp,.ivp,IANA: ImmerVision PURE Players,unknown
ImmerVision PURE Players,application/vnd.immervision-ivu,.ivu,IANA: ImmerVision PURE Players,unknown
IOCOM Visimeet,application/vnd.insors.igm,.igm,IANA: IOCOM Visimeet,unknown
Intercon FormNet,application/vnd.intercon.formnet,.xpw,IANA: Intercon FormNet,unknown
Interactive Geometry Software,application/vnd.intergeo,.i2g,IANA: Interactive Geometry Software,unknown
Open Financial Exchange,application/vnd.intu.qbo,.qbo,IANA: Open Financial Exchange,unknown
Quicken,application/vnd.intu.qfx,.qfx,IANA: Quicken,unknown
IP Unplugged Roaming Client,application/vnd.ipunplugged.rcprofile,.rcprofile,IANA: IP Unplugged Roaming Client,unknown
iRepository / Lucidoc Editor,application/vnd.irepository.package+xml,.irp,IANA: iRepository / Lucidoc Editor,unknown
Express by Infoseek,application/vnd.is-xpr,.xpr,IANA: Express by Infoseek,unknown
International Society for Advancement of Cytometry,application/vnd.isac.fcs,.fcs,IANA: International Society for Advancement of Cytometry,unknown
Lightspeed Audio Lab,application/vnd.jam,.jam,IANA: Lightspeed Audio Lab,unknown
Mobile Information Device Profile,application/vnd.jcp.javame.midlet-rms,.rms,IANA: Mobile Information Device Profile,unknown
RhymBox,application/vnd.jisp,.jisp,IANA: RhymBox,unknown
Joda Archive,application/vnd.joost.joda-archive,.joda,IANA: Joda Archive,unknown
Kahootz,application/vnd.kahootz,.ktz,IANA: Kahootz,unknown
KDE KOffice Office Suite - Karbon,application/vnd.kde.karbon,.karbon,IANA: KDE KOffice Office Suite,unknown
KDE KOffice Office Suite - KChart,application/vnd.kde.kchart,.chrt,IANA: KDE KOffice Office Suite,unknown
KDE KOffice Office Suite - Kformula,application/vnd.kde.kformula,.kfo,IANA: KDE KOffice Office Suite,unknown
KDE KOffice Office Suite - Kivio,application/vnd.kde.kivio,.flw,IANA: KDE KOffice Office Suite,unknown
KDE KOffice Office Suite - Kontour,application/vnd.kde.kontour,.kon,IANA: KDE KOffice Office Suite,unknown
KDE KOffice Office Suite - Kpresenter,application/vnd.kde.kpresenter,.kpr,IANA: KDE KOffice Office Suite,unknown
KDE KOffice Office Suite - Kspread,application/vnd.kde.kspread,.ksp,IANA: KDE KOffice Office Suite,unknown
KDE KOffice Office Suite - Kword,application/vnd.kde.kword,.kwd,IANA: KDE KOffice Office Suite,unknown
Kenamea App,application/vnd.kenameaapp,.htke,IANA: Kenamea App,unknown
Kidspiration,application/vnd.kidspiration,.kia,IANA: Kidspiration,unknown
Kinar Applications,application/vnd.kinar,.kne,IANA: Kina Applications,unknown
SSEYO Koan Play File,application/vnd.koan,.skp,IANA: SSEYO Koan Play File,unknown
Kodak Storyshare,application/vnd.kodak-descriptor,.sse,IANA: Kodak Storyshare,unknown
Laser App Enterprise,application/vnd.las.las+xml,.lasxml,IANA: Laser App Enterprise,unknown
Life Balance - Desktop Edition,application/vnd.llamagraphics.life-balance.desktop,.lbd,IANA: Life Balance,unknown
Life Balance - Exchange Format,application/vnd.llamagraphics.life-balance.exchange+xml,.lbe,IANA: Life Balance,unknown
Lotus 1-2-3,application/vnd.lotus-1-2-3,0.123,IANA: Lotus 1-2-3,unknown
Lotus Approach,application/vnd.lotus-approach,.apr,IANA: Lotus Approach,unknown
Lotus Freelance,application/vnd.lotus-freelance,.pre,IANA: Lotus Freelance,unknown
Lotus Notes,application/vnd.lotus-notes,.nsf,IANA: Lotus Notes,unknown
Lotus Organizer,application/vnd.lotus-organizer,.org,IANA: Lotus Organizer,unknown
Lotus Screencam,application/vnd.lotus-screencam,.scm,IANA: Lotus Screencam,unknown
Lotus Wordpro,application/vnd.lotus-wordpro,.lwp,IANA: Lotus Wordpro,unknown
MacPorts Port System,application/vnd.macports.portpkg,.portpkg,IANA: MacPorts Port System,unknown
Micro CADAM Helix D&D,application/vnd.mcd,.mcd,IANA: Micro CADAM Helix D&D,unknown
MedCalc,application/vnd.medcalcdata,.mc1,IANA: MedCalc,unknown
MediaRemote,application/vnd.mediastation.cdkey,.cdkey,IANA: MediaRemote,unknown
Medical Waveform Encoding Format,application/vnd.mfer,.mwf,IANA: Medical Waveform Encoding Format,unknown
Melody Format for Mobile Platform,application/vnd.mfmp,.mfm,IANA: Melody Format for Mobile Platform,unknown
Micrografx,application/vnd.micrografx.flo,.flo,IANA: Micrografx,unknown
Micrografx iGrafx Professional,application/vnd.micrografx.igx,.igx,IANA: Micrografx,unknown
FrameMaker Interchange Format,application/vnd.mif,.mif,IANA: FrameMaker Interchange Format,unknown
Mobius Management Systems - UniversalArchive,application/vnd.mobius.daf,.daf,IANA: Mobius Management Systems,unknown
Mobius Management Systems - Distribution Database,application/vnd.mobius.dis,.dis,IANA: Mobius Management Systems,unknown
Mobius Management Systems - Basket file,application/vnd.mobius.mbk,.mbk,IANA: Mobius Management Systems,unknown
Mobius Management Systems - Query File,application/vnd.mobius.mqy,.mqy,IANA: Mobius Management Systems,unknown
Mobius Management Systems - Script Language,application/vnd.mobius.msl,.msl,IANA: Mobius Management Systems,unknown
Mobius Management Systems - Policy Definition Language File,application/vnd.mobius.plc,.plc,IANA: Mobius Management Systems,unknown
Mobius Management Systems - Topic Index File,application/vnd.mobius.txf,.txf,IANA: Mobius Management Systems,unknown
Mophun VM,application/vnd.mophun.application,.mpn,IANA: Mophun VM,unknown
Mophun Certificate,application/vnd.mophun.certificate,.mpc,IANA: Mophun Certificate,unknown
XUL - XML User Interface Language,application/vnd.mozilla.xul+xml,.xul,IANA: XUL,unknown
Microsoft Artgalry,application/vnd.ms-artgalry,.cil,IANA: MS Artgalry,unknown
Microsoft Cabinet File,application/vnd.ms-cab-compressed,.cab,IANA: MS Cabinet File,unknown
Microsoft Excel,application/vnd.ms-excel,.xls,IANA: MS Excel,unknown
Microsoft Excel - Add-In File,application/vnd.ms-excel.addin.macroenabled.12,.xlam,IANA: MS Excel,unknown
Microsoft Excel - Binary Workbook,application/vnd.ms-excel.sheet.binary.macroenabled.12,.xlsb,IANA: MS Excel,unknown
Microsoft Excel - Macro-Enabled Workbook,application/vnd.ms-excel.sheet.macroenabled.12,.xlsm,IANA: MS Excel,unknown
Microsoft Excel - Macro-Enabled Template File,application/vnd.ms-excel.template.macroenabled.12,.xltm,IANA: MS Excel,unknown
Microsoft Embedded OpenType,application/vnd.ms-fontobject,.eot,IANA: MS Embedded OpenType,unknown
Microsoft Html Help File,application/vnd.ms-htmlhelp,.chm,IANA:MS Html Help File,unknown
Microsoft Class Server,application/vnd.ms-ims,.ims,IANA: MS Class Server,unknown
Microsoft Learning Resource Module,application/vnd.ms-lrm,.lrm,IANA: MS Learning Resource Module,unknown
Microsoft Office System Release Theme,application/vnd.ms-officetheme,.thmx,IANA: MS Office System Release Theme,unknown
Microsoft Trust UI Provider - Security Catalog,application/vnd.ms-pki.seccat,.cat,IANA: MS Trust UI Provider,unknown
Microsoft Trust UI Provider - Certificate Trust Link,application/vnd.ms-pki.stl,.stl,IANA: MS Trust UI Provider,unknown
Microsoft PowerPoint,application/vnd.ms-powerpoint,.ppt,IANA: MS PowerPoint,unknown
Microsoft PowerPoint - Add-in file,application/vnd.ms-powerpoint.addin.macroenabled.12,.ppam,IANA: MS PowerPoint,unknown
Microsoft PowerPoint - Macro-Enabled Presentation File,application/vnd.ms-powerpoint.presentation.macroenabled.12,.pptm,IANA: MS PowerPoint,unknown
Microsoft PowerPoint - Macro-Enabled Open XML Slide,application/vnd.ms-powerpoint.slide.macroenabled.12,.sldm,IANA: MS PowerPoint,unknown
Microsoft PowerPoint - Macro-Enabled Slide Show File,application/vnd.ms-powerpoint.slideshow.macroenabled.12,.ppsm,IANA: MS PowerPoint,unknown
Microsoft PowerPoint - Macro-Enabled Template File,application/vnd.ms-powerpoint.template.macroenabled.12,.potm,IANA: MS PowerPoint,unknown
Microsoft Project,application/vnd.ms-project,.mpp,IANA: MS PowerPoint,unknown
Microsoft Word - Macro-Enabled Document,application/vnd.ms-word.document.macroenabled.12,.docm,IANA: MS Word,unknown
Microsoft Word - Macro-Enabled Template,application/vnd.ms-word.template.macroenabled.12,.dotm,IANA: MS Word,unknown
Microsoft Works,application/vnd.ms-works,.wps,IANA: MS Works,unknown
Microsoft Windows Media Player Playlist,application/vnd.ms-wpl,.wpl,IANA: MS Windows Media Player Playlist,unknown
Microsoft XML Paper Specification,application/vnd.ms-xpsdocument,.xps,IANA: MS XML Paper Specification,unknown
3GPP MSEQ File,application/vnd.mseq,.mseq,IANA: 3GPP MSEQ File,unknown
MUsical Score Interpreted Code Invented for the ASCII designation of Notation,application/vnd.musician,.mus,IANA: MUSICIAN,unknown
Muvee Automatic Video Editing,application/vnd.muvee.style,.msty,IANA: Muvee,unknown
neuroLanguage,application/vnd.neurolanguage.nlu,.nlu,IANA: neuroLanguage,unknown
NobleNet Directory,application/vnd.noblenet-directory,.nnd,IANA: NobleNet Directory,unknown
NobleNet Sealer,application/vnd.noblenet-sealer,.nns,IANA: NobleNet Sealer,unknown
NobleNet Web,application/vnd.noblenet-web,.nnw,IANA: NobleNet Web,unknown
N-Gage Game Data,application/vnd.nokia.n-gage.data,.ngdat,IANA: N-Gage Game Data,unknown
N-Gage Game Installer,application/vnd.nokia.n-gage.symbian.install,.n-gage,IANA: N-Gage Game Installer,unknown
Nokia Radio Application - Preset,application/vnd.nokia.radio-preset,.rpst,IANA: Nokia Radio Application,unknown
Nokia Radio Application - Preset,application/vnd.nokia.radio-presets,.rpss,IANA: Nokia Radio Application,unknown
Novadigm's RADIA and EDM products,application/vnd.novadigm.edm,.edm,IANA: Novadigm's RADIA and EDM products,unknown
Novadigm's RADIA and EDM products,application/vnd.novadigm.edx,.edx,IANA: Novadigm's RADIA and EDM products,unknown
Novadigm's RADIA and EDM products,application/vnd.novadigm.ext,.ext,IANA: Novadigm's RADIA and EDM products,unknown
OpenDocument Chart,application/vnd.oasis.opendocument.chart,.odc,IANA: OpenDocument Chart,unknown
OpenDocument Chart Template,application/vnd.oasis.opendocument.chart-template,.otc,IANA: OpenDocument Chart Template,unknown
OpenDocument Database,application/vnd.oasis.opendocument.database,.odb,IANA: OpenDocument Database,unknown
OpenDocument Formula,application/vnd.oasis.opendocument.formula,.odf,IANA: OpenDocument Formula,unknown
OpenDocument Formula Template,application/vnd.oasis.opendocument.formula-template,.odft,IANA: OpenDocument Formula Template,unknown
OpenDocument Graphics,application/vnd.oasis.opendocument.graphics,.odg,IANA: OpenDocument Graphics,unknown
OpenDocument Graphics Template,application/vnd.oasis.opendocument.graphics-template,.otg,IANA: OpenDocument Graphics Template,unknown
OpenDocument Image,application/vnd.oasis.opendocument.image,.odi,IANA: OpenDocument Image,unknown
OpenDocument Image Template,application/vnd.oasis.opendocument.image-template,.oti,IANA: OpenDocument Image Template,unknown
OpenDocument Presentation,application/vnd.oasis.opendocument.presentation,.odp,IANA: OpenDocument Presentation,unknown
OpenDocument Presentation Template,application/vnd.oasis.opendocument.presentation-template,.otp,IANA: OpenDocument Presentation Template,unknown
OpenDocument Spreadsheet,application/vnd.oasis.opendocument.spreadsheet,.ods,IANA: OpenDocument Spreadsheet,unknown
OpenDocument Spreadsheet Template,application/vnd.oasis.opendocument.spreadsheet-template,.ots,IANA: OpenDocument Spreadsheet Template,unknown
OpenDocument Text,application/vnd.oasis.opendocument.text,.odt,IANA: OpenDocument Text,unknown
OpenDocument Text Master,application/vnd.oasis.opendocument.text-master,.odm,IANA: OpenDocument Text Master,unknown
OpenDocument Text Template,application/vnd.oasis.opendocument.text-template,.ott,IANA: OpenDocument Text Template,unknown
Open Document Text Web,application/vnd.oasis.opendocument.text-web,.oth,IANA: OpenDocument Text Web,unknown
Sugar Linux Application Bundle,application/vnd.olpc-sugar,.xo,IANA: Sugar Linux App Bundle,unknown
OMA Download Agents,application/vnd.oma.dd2+xml,.dd2,IANA: OMA Download Agents,unknown
Open Office Extension,application/vnd.openofficeorg.extension,.oxt,IANA: Open Office Extension,unknown
Microsoft Office - OOXML - Presentation,application/vnd.openxmlformats-officedocument.presentationml.presentation,.pptx,IANA: OOXML - Presentation,unknown
Microsoft Office - OOXML - Presentation (Slide),application/vnd.openxmlformats-officedocument.presentationml.slide,.sldx,IANA: OOXML - Presentation,unknown
Microsoft Office - OOXML - Presentation (Slideshow),application/vnd.openxmlformats-officedocument.presentationml.slideshow,.ppsx,IANA: OOXML - Presentation,unknown
Microsoft Office - OOXML - Presentation Template,application/vnd.openxmlformats-officedocument.presentationml.template,.potx,IANA: OOXML - Presentation Template,unknown
Microsoft Office - OOXML - Spreadsheet,application/vnd.openxmlformats-officedocument.spreadsheetml.sheet,.xlsx,IANA: OOXML - Spreadsheet,unknown
Microsoft Office - OOXML - Spreadsheet Template,application/vnd.openxmlformats-officedocument.spreadsheetml.template,.xltx,IANA: OOXML - Spreadsheet Template,unknown
Microsoft Office - OOXML - Word Document,application/vnd.openxmlformats-officedocument.wordprocessingml.document,.docx,IANA: OOXML - Word Document,msword
Microsoft Office - OOXML - Word Document Template,application/vnd.openxmlformats-officedocument.wordprocessingml.template,.dotx,IANA: OOXML - Word Document Template,unknown
MapGuide DBXML,application/vnd.osgeo.mapguide.package,.mgp,IANA: MapGuide DBXML,unknown
OSGi Deployment Package,application/vnd.osgi.dp,.dp,IANA: OSGi Deployment Package,unknown
PalmOS Data,application/vnd.palm,.pdb,IANA: PalmOS Data,unknown
PawaaFILE,application/vnd.pawaafile,.paw,IANA: PawaaFILE,unknown
Proprietary P&G Standard Reporting System,application/vnd.pg.format,.str,IANA: Proprietary P&G Standard Reporting System,unknown
Proprietary P&G Standard Reporting System,application/vnd.pg.osasli,.ei6,IANA: Proprietary P&G Standard Reporting System,unknown
Pcsel eFIF File,application/vnd.picsel,.efif,IANA: Picsel eFIF File,unknown
Qualcomm's Plaza Mobile Internet,application/vnd.pmi.widget,.wg,IANA: Qualcomm's Plaza Mobile Internet,unknown
PocketLearn Viewers,application/vnd.pocketlearn,.plf,IANA: PocketLearn Viewers,unknown
PowerBuilder,application/vnd.powerbuilder6,.pbd,IANA: PowerBuilder,unknown
Preview Systems ZipLock/VBox,application/vnd.previewsystems.box,.box,IANA: Preview Systems ZipLock/Vbox,unknown
EFI Proteus,application/vnd.proteus.magazine,.mgz,IANA: EFI Proteus,unknown
PubliShare Objects,application/vnd.publishare-delta-tree,.qps,IANA: PubliShare Objects,unknown
Princeton Video Image,application/vnd.pvi.ptid1,.ptid,IANA: Princeton Video Image,unknown
QuarkXpress,application/vnd.quark.quarkxpress,.qxd,IANA: QuarkXPress,unknown
RealVNC,application/vnd.realvnc.bed,.bed,IANA: RealVNC,unknown
Recordare Applications,application/vnd.recordare.musicxml,.mxl,IANA: Recordare Apps,unknown
Recordare Applications,application/vnd.recordare.musicxml+xml,.musicxml,IANA: Recordare Apps,unknown
CryptoNote,application/vnd.rig.cryptonote,.cryptonote,IANA: CryptoNote,unknown
Blackberry COD File,application/vnd.rim.cod,.cod,,unknown
RealMedia,application/vnd.rn-realmedia,.rm,,unknown
ROUTE 66 Location Based Services,application/vnd.route66.link66+xml,.link66,IANA: ROUTE 66,unknown
SailingTracker,application/vnd.sailingtracker.track,.st,IANA: SailingTracker,unknown
SeeMail,application/vnd.seemail,.see,IANA: SeeMail,unknown
Secured eMail,application/vnd.sema,.sema,IANA: Secured eMail,unknown
Secured eMail,application/vnd.semd,.semd,IANA: Secured eMail,unknown
Secured eMail,application/vnd.semf,.semf,IANA: Secured eMail,unknown
Shana Informed Filler,application/vnd.shana.informed.formdata,.ifm,IANA: Shana Informed Filler,unknown
Shana Informed Filler,application/vnd.shana.informed.formtemplate,.itp,IANA: Shana Informed Filler,unknown
Shana Informed Filler,application/vnd.shana.informed.interchange,.iif,IANA: Shana Informed Filler,unknown
Shana Informed Filler,application/vnd.shana.informed.package,.ipk,IANA: Shana Informed Filler,unknown
SimTech MindMapper,application/vnd.simtech-mindmapper,.twd,IANA: SimTech MindMapper,unknown
SMAF File,application/vnd.smaf,.mmf,IANA: SMAF File,unknown
SMART Technologies Apps,application/vnd.smart.teacher,.teacher,IANA: SMART Technologies Apps,unknown
SudokuMagic,application/vnd.solent.sdkm+xml,.sdkm,IANA: SudokuMagic,unknown
TIBCO Spotfire,application/vnd.spotfire.dxp,.dxp,IANA: TIBCO Spotfire,unknown
TIBCO Spotfire,application/vnd.spotfire.sfs,.sfs,IANA: TIBCO Spotfire,unknown
StarOffice - Calc,application/vnd.stardivision.calc,.sdc,,unknown
StarOffice - Draw,application/vnd.stardivision.draw,.sda,,unknown
StarOffice - Impress,application/vnd.stardivision.impress,.sdd,,unknown
StarOffice - Math,application/vnd.stardivision.math,.smf,,unknown
StarOffice - Writer,application/vnd.stardivision.writer,.sdw,,unknown
StarOffice - Writer (Global),application/vnd.stardivision.writer-global,.sgl,,unknown
StepMania,application/vnd.stepmania.stepchart,.sm,IANA: StepMania,unknown
OpenOffice - Calc (Spreadsheet),application/vnd.sun.xml.calc,.sxc,Wikipedia: OpenOffice,unknown
OpenOffice - Calc Template (Spreadsheet),application/vnd.sun.xml.calc.template,.stc,Wikipedia: OpenOffice,unknown
OpenOffice - Draw (Graphics),application/vnd.sun.xml.draw,.sxd,Wikipedia: OpenOffice,unknown
OpenOffice - Draw Template (Graphics),application/vnd.sun.xml.draw.template,.std,Wikipedia: OpenOffice,unknown
OpenOffice - Impress (Presentation),application/vnd.sun.xml.impress,.sxi,Wikipedia: OpenOffice,unknown
OpenOffice - Impress Template (Presentation),application/vnd.sun.xml.impress.template,.sti,Wikipedia: OpenOffice,unknown
OpenOffice - Math (Formula),application/vnd.sun.xml.math,.sxm,Wikipedia: OpenOffice,unknown
OpenOffice - Writer (Text - HTML),application/vnd.sun.xml.writer,.sxw,Wikipedia: OpenOffice,unknown
OpenOffice - Writer (Text - HTML),application/vnd.sun.xml.writer.global,.sxg,Wikipedia: OpenOffice,unknown
OpenOffice - Writer Template (Text - HTML),application/vnd.sun.xml.writer.template,.stw,Wikipedia: OpenOffice,unknown
ScheduleUs,application/vnd.sus-calendar,.sus,IANA: ScheduleUs,unknown
SourceView Document,application/vnd.svd,.svd,IANA: SourceView Document,unknown
Symbian Install Package,application/vnd.symbian.install,.sis,IANA: Symbian Install,unknown
SyncML,application/vnd.syncml+xml,.xsm,IANA: SyncML,unknown
SyncML - Device Management,application/vnd.syncml.dm+wbxml,.bdm,IANA: SyncML,unknown
SyncML - Device Management,application/vnd.syncml.dm+xml,.xdm,IANA: SyncML,unknown
Tao Intent,application/vnd.tao.intent-module-archive,.tao,IANA: Tao Intent,unknown
MobileTV,application/vnd.tmobile-livetv,.tmo,IANA: MobileTV,unknown
TRI Systems Config,application/vnd.trid.tpt,.tpt,IANA: TRI Systems,unknown
Triscape Map Explorer,application/vnd.triscape.mxs,.mxs,IANA: Triscape Map Explorer,unknown
True BASIC,application/vnd.trueapp,.tra,IANA: True BASIC,unknown
Universal Forms Description Language,application/vnd.ufdl,.ufd,IANA: Universal Forms Description Language,unknown
User Interface Quartz - Theme (Symbian),application/vnd.uiq.theme,.utz,IANA: User Interface Quartz,unknown
UMAJIN,application/vnd.umajin,.umj,IANA: UMAJIN,unknown
Unity 3d,application/vnd.unity,.unityweb,IANA: Unity 3d,unknown
Unique Object Markup Language,application/vnd.uoml+xml,.uoml,IANA: UOML,unknown
VirtualCatalog,application/vnd.vcx,.vcx,IANA: VirtualCatalog,unknown
Microsoft Visio,application/vnd.visio,.vsd,IANA: Visio,unknown
Microsoft Visio 2013,application/vnd.visio2013,.vsdx,IANA: Visio,unknown
Visionary,application/vnd.visionary,.vis,IANA: Visionary,unknown
Viewport+,application/vnd.vsf,.vsf,IANA: Viewport+,unknown
WAP Binary XML (WBXML),application/vnd.wap.wbxml,.wbxml,IANA: WBXML,unknown
Compiled Wireless Markup Language (WMLC),application/vnd.wap.wmlc,.wmlc,IANA: WMLC,unknown
WMLScript,application/vnd.wap.wmlscriptc,.wmlsc,IANA: WMLScript,unknown
WebTurbo,application/vnd.webturbo,.wtb,IANA: WebTurbo,unknown
Mathematica Notebook Player,application/vnd.wolfram.player,.nbp,IANA: Mathematica Notebook Player,unknown
Wordperfect,application/vnd.wordperfect,.wpd,IANA: Wordperfect,unknown
SundaHus WQ,application/vnd.wqd,.wqd,IANA: SundaHus WQ,unknown
Worldtalk,application/vnd.wt.stf,.stf,IANA: Worldtalk,unknown
CorelXARA,application/vnd.xara,.xar,IANA: CorelXARA,unknown
Extensible Forms Description Language,application/vnd.xfdl,.xfdl,IANA: Extensible Forms Description Language,unknown
HV Voice Dictionary,application/vnd.yamaha.hv-dic,.hvd,IANA: HV Voice Dictionary,unknown
HV Script,application/vnd.yamaha.hv-script,.hvs,IANA: HV Script,unknown
HV Voice Parameter,application/vnd.yamaha.hv-voice,.hvp,IANA: HV Voice Parameter,unknown
Open Score Format,application/vnd.yamaha.openscoreformat,.osf,IANA: Open Score Format,unknown
OSFPVG,application/vnd.yamaha.openscoreformat.osfpvg+xml,.osfpvg,IANA: OSFPVG,unknown
SMAF Audio,application/vnd.yamaha.smaf-audio,.saf,IANA: SMAF Audio,unknown
SMAF Phrase,application/vnd.yamaha.smaf-phrase,.spf,IANA: SMAF Phrase,unknown
CustomMenu,application/vnd.yellowriver-custom-menu,.cmp,IANA: CustomMenu,unknown
Z.U.L. Geometry,application/vnd.zul,.zir,IANA: Z.U.L.,unknown
Zzazz Deck,application/vnd.zzazz.deck+xml,.zaz,IANA: Zzazz,unknown
VoiceXML,application/voicexml+xml,.vxml,RFC 4267,unknown
Widget Packaging and XML Configuration,application/widget,.wgt,W3C Widget Packaging and XML Configuration,unknown
WinHelp,application/winhlp,.hlp,Wikipedia: WinHelp,unknown
WSDL - Web Services Description Language,application/wsdl+xml,.wsdl,W3C Web Service Description Language,unknown
Web Services Policy,application/wspolicy+xml,.wspolicy,W3C Web Services Policy,unknown
7-Zip,application/x-7z-compressed,.7z,Wikipedia: 7-Zip,unknown
AbiWord,application/x-abiword,.abw,Wikipedia: AbiWord,unknown
Ace Archive,application/x-ace-compressed,.ace,Wikipedia: ACE,unknown
Apple Disk Image,application/x-apple-diskimage,.dmg,Apple Disk Image,unknown
Adobe (Macropedia) Authorware - Binary File,application/x-authorware-bin,.aab,Wikipedia: Authorware,unknown
Adobe (Macropedia) Authorware - Map,application/x-authorware-map,.aam,Wikipedia: Authorware,unknown
Adobe (Macropedia) Authorware - Segment File,application/x-authorware-seg,.aas,Wikipedia: Authorware,unknown
Binary CPIO Archive,application/x-bcpio,.bcpio,Wikipedia: cpio,unknown
BitTorrent,application/x-bittorrent,.torrent,Wikipedia: BitTorrent,unknown
Bzip Archive,application/x-bzip,.bz,Wikipedia: Bzip,unknown
Bzip2 Archive,application/x-bzip2,.bz2,Wikipedia: Bzip,unknown
Video CD,application/x-cdlink,.vcd,Wikipedia: Video CD,unknown
pIRCh,application/x-chat,.chat,Wikipedia: pIRCh,unknown
Portable Game Notation (Chess Games),application/x-chess-pgn,.pgn,Wikipedia: Portable Game Notationb,unknown
CPIO Archive,application/x-cpio,.cpio,Wikipedia: cpio,unknown
C Shell Script,application/x-csh,.csh,Wikipedia: C Shell,unknown
Debian Package,application/x-debian-package,.deb,Wikipedia: Debian Package,unknown
Adobe Shockwave Player,application/x-director,.dir,Wikipedia: Adobe Shockwave Player,unknown
Doom Video Game,application/x-doom,.wad,Wikipedia: Doom WAD,unknown
Navigation Control file for XML (for ePub),application/x-dtbncx+xml,.ncx,Wikipedia: EPUB,unknown
Digital Talking Book,application/x-dtbook+xml,.dtb,Wikipedia: EPUB,unknown
Digital Talking Book - Resource File,application/x-dtbresource+xml,.res,Digital Talking Book,unknown
Device Independent File Format (DVI),application/x-dvi,.dvi,Wikipedia: DVI,unknown
Glyph Bitmap Distribution Format,application/x-font-bdf,.bdf,Wikipedia: Glyph Bitmap Distribution Format,unknown
Ghostscript Font,application/x-font-ghostscript,.gsf,Wikipedia: Ghostscript,unknown
PSF Fonts,application/x-font-linux-psf,.psf,PSF Fonts,unknown
OpenType Font File,application/x-font-otf,.otf,OpenType Font File,unknown
Portable Compiled Format,application/x-font-pcf,.pcf,Wikipedia: Portable Compiled Format,unknown
Server Normal Format,application/x-font-snf,.snf,Wikipedia: Server Normal Format,unknown
TrueType Font,application/x-font-ttf,.ttf,Wikipedia: TrueType,unknown
PostScript Fonts,application/x-font-type1,.pfa,Wikipedia: PostScript Fonts,unknown
Web Open Font Format,application/x-font-woff,.woff,Wikipedia: Web Open Font Format,unknown
FutureSplash Animator,application/x-futuresplash,.spl,Wikipedia: FutureSplash Animator,unknown
Gnumeric,application/x-gnumeric,.gnumeric,Wikipedia: Gnumeric,unknown
GNU Tar Files,application/x-gtar,.gtar,GNU Tar,unknown
Hierarchical Data Format,application/x-hdf,.hdf,Wikipedia: Hierarchical Data Format,unknown
Java Network Launching Protocol,application/x-java-jnlp-file,.jnlp,Wikipedia: Java Web Start,unknown
LaTeX,application/x-latex,.latex,Wikipedia: LaTeX,unknown
Mobipocket,application/x-mobipocket-ebook,.prc,Wikipedia: Mobipocket,unknown
Microsoft ClickOnce,application/x-ms-application,.application,Wikipedia: ClickOnce,unknown
Microsoft Windows Media Player Download Package,application/x-ms-wmd,.wmd,Wikipedia: Windows Media Player,unknown
Microsoft Windows Media Player Skin Package,application/x-ms-wmz,.wmz,Wikipedia: Windows Media Player,unknown
Microsoft XAML Browser Application,application/x-ms-xbap,.xbap,Wikipedia: XAML Browser,unknown
Microsoft Access,application/x-msaccess,.mdb,Wikipedia: Microsoft Access,unknown
Microsoft Office Binder,application/x-msbinder,.obd,Wikipedia: Microsoft Shared Tools,unknown
Microsoft Information Card,application/x-mscardfile,.crd,Wikipedia: Information Card,unknown
Microsoft Clipboard Clip,application/x-msclip,.clp,Wikipedia: Clipboard,unknown
Microsoft Application,application/x-msdownload,.exe,Wikipedia: EXE,unknown
Microsoft MediaView,application/x-msmediaview,.mvb,Windows Help,unknown
Microsoft Windows Metafile,application/x-msmetafile,.wmf,Wikipedia: Windows Metafile,unknown
Microsoft Money,application/x-msmoney,.mny,Wikipedia: Microsoft Money,unknown
Microsoft Publisher,application/x-mspublisher,.pub,Wikipedia: Microsoft Publisher,unknown
Microsoft Schedule+,application/x-msschedule,.scd,Wikipedia: Microsoft Schedule Plus,unknown
Microsoft Windows Terminal Services,application/x-msterminal,.trm,Wikipedia: Terminal Server,unknown
Microsoft Wordpad,application/x-mswrite,.wri,Wikipedia: Wordpad,unknown
Network Common Data Form (NetCDF),application/x-netcdf,.nc,Wikipedia: NetCDF,unknown
PKCS #12 - Personal Information Exchange Syntax Standard,application/x-pkcs12,.p12,RFC 2986,unknown
PKCS #7 - Cryptographic Message Syntax Standard (Certificates),application/x-pkcs7-certificates,.p7b,RFC 2986,unknown
PKCS #7 - Cryptographic Message Syntax Standard (Certificate Request Response),application/x-pkcs7-certreqresp,.p7r,RFC 2986,unknown
RAR Archive,application/x-rar-compressed,.rar,Wikipedia: RAR,unknown
Bourne Shell Script,application/x-sh,.sh,Wikipedia: Bourne Shell,unknown
Shell Archive,application/x-shar,.shar,Wikipedia: Shell Archie,unknown
Adobe Flash,application/x-shockwave-flash,.swf,Wikipedia: Adobe Flash,unknown
Microsoft Silverlight,application/x-silverlight-app,.xap,Wikipedia: Silverlight,unknown
Stuffit Archive,application/x-stuffit,.sit,Wikipedia: Stuffit,unknown
Stuffit Archive,application/x-stuffitx,.sitx,Wikipedia: Stuffit,unknown
System V Release 4 CPIO Archive,application/x-sv4cpio,.sv4cpio,Wikipedia: pax,unknown
System V Release 4 CPIO Checksum Data,application/x-sv4crc,.sv4crc,Wikipedia: pax,unknown
Tar File (Tape Archive),application/x-tar,.tar,Wikipedia: Tar,unknown
Tcl Script,application/x-tcl,.tcl,Wikipedia: Tcl,unknown
TeX,application/x-tex,.tex,Wikipedia: TeX,unknown
TeX Font Metric,application/x-tex-tfm,.tfm,Wikipedia: TeX Font Metric,unknown
GNU Texinfo Document,application/x-texinfo,.texinfo,Wikipedia: Texinfo,unknown
Ustar (Uniform Standard Tape Archive),application/x-ustar,.ustar,Wikipedia: Ustar,unknown
WAIS Source,application/x-wais-source,.src,YoLinux,unknown
X.509 Certificate,application/x-x509-ca-cert,.der,Wikipedia: X.509,unknown
Xfig,application/x-xfig,.fig,Wikipedia: Xfig,unknown
XPInstall - Mozilla,application/x-xpinstall,.xpi,Wikipedia: XPI,unknown
XML Configuration Access Protocol - XCAP Diff,application/xcap-diff+xml,.xdf,Wikipedia: XCAP,unknown
XML Encryption Syntax and Processing,application/xenc+xml,.xenc,W3C XML Encryption Syntax and Processing,unknown
XHTML - The Extensible HyperText Markup Language,application/xhtml+xml,.xhtml,W3C XHTML,unknown
XML - Extensible Markup Language,application/xml,.xml,W3C XML,unknown
Document Type Definition,application/xml-dtd,.dtd,W3C DTD,unknown
XML-Binary Optimized Packaging,application/xop+xml,.xop,W3C XOP,unknown
XML Transformations,application/xslt+xml,.xslt,W3C XSLT,unknown
XSPF - XML Shareable Playlist Format,application/xspf+xml,.xspf,XML Shareable Playlist Format,unknown
MXML,application/xv+xml,.mxml,Wikipedia: MXML,unknown
YANG Data Modeling Language,application/yang,.yang,Wikipedia: YANG,unknown
YIN (YANG - XML),application/yin+xml,.yin,Wikipedia: YANG,unknown
Zip Archive,application/zip,.zip,Wikipedia: Zip,unknown
Adaptive differential pulse-code modulation,audio/adpcm,.adp,Wikipedia: ADPCM,audio
Sun Audio - Au file format,audio/basic,.au,Wikipedia: Sun audio,audio
MIDI - Musical Instrument Digital Interface,audio/midi,.mid,Wikipedia: MIDI,audio
MPEG-4 Audio,audio/mp4,.mp4a,Wikipedia: MP4A,audio
MPEG Audio,audio/mpeg,.mpga,Wikipedia: MPGA,audio
Ogg Audio,audio/ogg,.oga,Wikipedia: Ogg,audio
DECE Audio,audio/vnd.dece.audio,.uva,IANA: Dece Audio,audio
Digital Winds Music,audio/vnd.digital-winds,.eol,IANA: Digital Winds,audio
DRA Audio,audio/vnd.dra,.dra,IANA: DRA,audio
DTS Audio,audio/vnd.dts,.dts,IANA: DTS,audio
DTS High Definition Audio,audio/vnd.dts.hd,.dtshd,IANA: DTS HD,audio
Lucent Voice,audio/vnd.lucent.voice,.lvp,IANA: Lucent Voice,audio
Microsoft PlayReady Ecosystem,audio/vnd.ms-playready.media.pya,.pya,IANA: Microsoft PlayReady Ecosystem,audio
Nuera ECELP 4800,audio/vnd.nuera.ecelp4800,.ecelp4800,IANA: ECELP 4800,audio
Nuera ECELP 7470,audio/vnd.nuera.ecelp7470,.ecelp7470,IANA: ECELP 7470,audio
Nuera ECELP 9600,audio/vnd.nuera.ecelp9600,.ecelp9600,IANA: ECELP 9600,audio
Hit'n'Mix,audio/vnd.rip,.rip,IANA: Hit'n'Mix,audio
Open Web Media Project - Audio,audio/webm,.weba,WebM Project,audio
Advanced Audio Coding (AAC),audio/x-aac,.aac,Wikipedia: AAC,audio
Audio Interchange File Format,audio/x-aiff,.aif,Wikipedia: Audio Interchange File Format,audio
M3U (Multimedia Playlist),audio/x-mpegurl,.m3u,Wikipedia: M3U,audio
Microsoft Windows Media Audio Redirector,audio/x-ms-wax,.wax,Windows Media Metafiles,audio
Microsoft Windows Media Audio,audio/x-ms-wma,.wma,Wikipedia: Windows Media Audio,audio
Real Audio Sound,audio/x-pn-realaudio,.ram,Wikipedia: RealPlayer,audio
Real Audio Sound,audio/x-pn-realaudio-plugin,.rmp,Wikipedia: RealPlayer,audio
Waveform Audio File Format (WAV),audio/x-wav,.wav,Wikipedia: WAV,audio
ChemDraw eXchange file,chemical/x-cdx,.cdx,ChemDraw eXchange file,unknown
Crystallographic Interchange Format,chemical/x-cif,.cif,Crystallographic Interchange Format,unknown
CrystalMaker Data Format,chemical/x-cmdf,.cmdf,CrystalMaker Data Format,unknown
Chemical Markup Language,chemical/x-cml,.cml,Wikipedia: Chemical Markup Language,unknown
Chemical Style Markup Language,chemical/x-csml,.csml,Wikipedia: Chemical Style Markup Language,unknown
XYZ File Format,chemical/x-xyz,.xyz,Wikipedia: XYZ File Format,unknown
Bitmap Image File,image/bmp,.bmp,Wikipedia: BMP File Format,image
Computer Graphics Metafile,image/cgm,.cgm,Wikipedia: Computer Graphics Metafile,image
G3 Fax Image,image/g3fax,.g3,Wikipedia: G3 Fax Image,image
Graphics Interchange Format,image/gif,.gif,Wikipedia: Graphics Interchange Format,image
Image Exchange Format,image/ief,.ief,RFC 1314,image
JPEG Image,image/jpeg,".jpeg, .jpg",RFC 1314,image
OpenGL Textures (KTX),image/ktx,.ktx,KTX File Format,image
JPEG Image (Progressive),image/pjpeg,.pjpeg,JPEG image compression FAQ,image
Portable Network Graphics (PNG),image/png,.png,RFC 2083,image
BTIF,image/prs.btif,.btif,IANA: BTIF,image
Scalable Vector Graphics (SVG),image/svg+xml,.svg,Wikipedia: SVG,image
Tagged Image File Format,image/tiff,.tiff,Wikipedia: TIFF,image
Photoshop Document,image/vnd.adobe.photoshop,.psd,Wikipedia: Photoshop Document,image
DECE Graphic,image/vnd.dece.graphic,.uvi,IANA: DECE Graphic,image
DjVu,image/vnd.djvu,.djvu,Wikipedia: DjVu,image
Close Captioning - Subtitle,image/vnd.dvb.subtitle,.sub,Wikipedia: Closed Captioning,image
DWG Drawing,image/vnd.dwg,.dwg,Wikipedia: DWG,image
AutoCAD DXF,image/vnd.dxf,.dxf,Wikipedia: AutoCAD DXF,image
FastBid Sheet,image/vnd.fastbidsheet,.fbs,IANA: FastBid Sheet,image
FlashPix,image/vnd.fpx,.fpx,IANA: FPX,image
FAST Search & Transfer ASA,image/vnd.fst,.fst,IANA: FAST Search & Transfer ASA,image
EDMICS 2000,image/vnd.fujixerox.edmics-mmr,.mmr,IANA: EDMICS 2000,image
EDMICS 2000,image/vnd.fujixerox.edmics-rlc,.rlc,IANA: EDMICS 2000,image
Microsoft Document Imaging Format,image/vnd.ms-modi,.mdi,Wikipedia: Microsoft Document Image Format,image
FlashPix,image/vnd.net-fpx,.npx,IANA: FPX,image
WAP Bitamp (WBMP),image/vnd.wap.wbmp,.wbmp,IANA: WBMP,image
eXtended Image File Format (XIFF),image/vnd.xiff,.xif,IANA: XIFF,image
WebP Image,image/webp,.webp,Wikipedia: WebP,image
JPEG Image (Citrix client),image/x-citrix-jpeg,".jpeg, .jpg",RFC 1314,image
Portable Network Graphics (PNG) (Citrix client),image/x-citrix-png,.png,RFC 2083,image
CMU Image,image/x-cmu-raster,.ras,,image
Corel Metafile Exchange (CMX),image/x-cmx,.cmx,Wikipedia: CorelDRAW,image
FreeHand MX,image/x-freehand,.fh,Wikipedia: Macromedia Freehand,image
Icon Image,image/x-icon,.ico,Wikipedia: ICO File Format,image
PCX Image,image/x-pcx,.pcx,Wikipedia: PCX,image
PICT Image,image/x-pict,.pic,Wikipedia: PICT,image
Portable Network Graphics (PNG) (x-token),image/x-png,.png,RFC 2083,image
Portable Anymap Image,image/x-portable-anymap,.pnm,Wikipedia: Netpbm Format,image
Portable Bitmap Format,image/x-portable-bitmap,.pbm,Wikipedia: Netpbm Format,image
Portable Graymap Format,image/x-portable-graymap,.pgm,Wikipedia: Netpbm Format,image
Portable Pixmap Format,image/x-portable-pixmap,.ppm,Wikipedia: Netpbm Format,image
Silicon Graphics RGB Bitmap,image/x-rgb,.rgb,RGB Image Format,image
X BitMap,image/x-xbitmap,.xbm,Wikipedia: X BitMap,image
X PixMap,image/x-xpixmap,.xpm,Wikipedia: X PixMap,image
X Window Dump,image/x-xwindowdump,.xwd,Wikipedia: X Window Dump,image
Email Message,message/rfc822,.eml,RFC 2822,unknown
Initial Graphics Exchange Specification (IGES),model/iges,.igs,Wikipedia: IGES,unknown
Mesh Data Type,model/mesh,.msh,RFC 2077,unknown
COLLADA,model/vnd.collada+xml,.dae,IANA: COLLADA,unknown
Autodesk Design Web Format (DWF),model/vnd.dwf,.dwf,Wikipedia: Design Web Format,unknown
Geometric Description Language (GDL),model/vnd.gdl,.gdl,IANA: GDL,unknown
Gen-Trix Studio,model/vnd.gtw,.gtw,IANA: GTW,unknown
Virtue MTS,model/vnd.mts,.mts,IANA: MTS,unknown
Virtue VTU,model/vnd.vtu,.vtu,IANA: VTU,unknown
Virtual Reality Modeling Language,model/vrml,.wrl,Wikipedia: VRML,unknown
iCalendar,text/calendar,.ics,Wikipedia: iCalendar,text
Cascading Style Sheets (CSS),text/css,.css,Wikipedia: CSS,text
Comma-Seperated Values,text/csv,.csv,Wikipedia: CSV,text
HyperText Markup Language (HTML),text/html,.html,Wikipedia: HTML,text
Notation3,text/n3,.n3,Wikipedia: Notation3,text
Text File,text/plain,.txt,Wikipedia: Text File,text
BAS Partitur Format,text/plain-bas,.par,Phonetik BAS,text
PRS Lines Tag,text/prs.lines.tag,.dsc,IANA: PRS Lines Tag,text
Rich Text Format (RTF),text/richtext,.rtx,Wikipedia: Rich Text Format,text
Standard Generalized Markup Language (SGML),text/sgml,.sgml,Wikipedia: SGML,text
Tab Seperated Values,text/tab-separated-values,.tsv,Wikipedia: TSV,text
troff,text/troff,.t,Wikipedia: troff,text
Turtle (Terse RDF Triple Language),text/turtle,.ttl,Wikipedia: Turtle,text
URI Resolution Services,text/uri-list,.uri,RFC 2483,text
Curl - Applet,text/vnd.curl,.curl,Curl Applet,text
Curl - Detached Applet,text/vnd.curl.dcurl,.dcurl,Curl Detached Applet,text
Curl - Manifest File,text/vnd.curl.mcurl,.mcurl,Curl Manifest File,text
Curl - Source Code,text/vnd.curl.scurl,.scurl,Curl Source Code,text
mod_fly / fly.cgi,text/vnd.fly,.fly,IANA: Fly,text
FLEXSTOR,text/vnd.fmi.flexstor,.flx,IANA: FLEXSTOR,text
Graphviz,text/vnd.graphviz,.gv,IANA: Graphviz,text
In3D - 3DML,text/vnd.in3d.3dml,.3dml,IANA: In3D,text
In3D - 3DML,text/vnd.in3d.spot,.spot,IANA: In3D,text
J2ME App Descriptor,text/vnd.sun.j2me.app-descriptor,.jad,IANA: J2ME App Descriptor,text
Wireless Markup Language (WML),text/vnd.wap.wml,.wml,Wikipedia: WML,text
Wireless Markup Language Script (WMLScript),text/vnd.wap.wmlscript,.wmls,Wikipedia: WMLScript,text
Assembler Source File,text/x-asm,.s,Wikipedia: Assembly,text
C Source File,text/x-c,.c,Wikipedia: C Programming Language,text
Fortran Source File,text/x-fortran,.f,Wikipedia: Fortran,text
Java Source File,"text/x-java-source,java",.java,Wikipedia: Java,text
Pascal Source File,text/x-pascal,.p,Wikipedia: Pascal,text
Setext,text/x-setext,.etx,Wikipedia: Setext,text
UUEncode,text/x-uuencode,.uu,Wikipedia: UUEncode,text
vCalendar,text/x-vcalendar,.vcs,Wikipedia: vCalendar,text
vCard,text/x-vcard,.vcf,Wikipedia: vCard,text
YAML Ain't Markup Language / Yet Another Markup Language,text/yaml,.yaml,YAML: YAML Ain't Markup Language,text
3GP,video/3gpp,.3gp,Wikipedia: 3GP,video
3GP2,video/3gpp2,.3g2,Wikipedia: 3G2,video
H.261,video/h261,.h261,Wikipedia: H.261,video
H.263,video/h263,.h263,Wikipedia: H.263,video
H.264,video/h264,.h264,Wikipedia: H.264,video
JPGVideo,video/jpeg,.jpgv,RFC 3555,video
JPEG 2000 Compound Image File Format,video/jpm,.jpm,IANA: JPM,video
Motion JPEG 2000,video/mj2,.mj2,IANA: MJ2,video
MPEG-4 Video,video/mp4,.mp4,Wikipedia: MP4,video
MPEG Video,video/mpeg,.mpeg,Wikipedia: MPEG,video
Ogg Video,video/ogg,.ogv,Wikipedia: Ogg,video
Quicktime Video,video/quicktime,.qt,Wikipedia: Quicktime,video
DECE High Definition Video,video/vnd.dece.hd,.uvh,IANA: DECE HD Video,video
DECE Mobile Video,video/vnd.dece.mobile,.uvm,IANA: DECE Mobile Video,video
DECE PD Video,video/vnd.dece.pd,.uvp,IANA: DECE PD Video,video
DECE SD Video,video/vnd.dece.sd,.uvs,IANA: DECE SD Video,video
DECE Video,video/vnd.dece.video,.uvv,IANA: DECE Video,video
FAST Search & Transfer ASA,video/vnd.fvt,.fvt,IANA: FVT,video
MPEG Url,video/vnd.mpegurl,.mxu,IANA: MPEG Url,video
Microsoft PlayReady Ecosystem Video,video/vnd.ms-playready.media.pyv,.pyv,IANA: Microsoft PlayReady Ecosystem,video
DECE MP4,video/vnd.uvvu.mp4,.uvu,IANA: DECE MP4,video
Vivo,video/vnd.vivo,.viv,IANA: Vivo,video
Open Web Media Project - Video,video/webm,.webm,WebM Project,video
Flash Video,video/x-f4v,.f4v,Wikipedia: Flash Video,video
FLI/FLC Animation Format,video/x-fli,.fli,FLI/FLC Animation Format,video
Flash Video,video/x-flv,.flv,Wikipedia: Flash Video,video
M4v,video/x-m4v,.m4v,Wikipedia: M4v,video
Microsoft Advanced Systems Format (ASF),video/x-ms-asf,.asf,Wikipedia: Advanced Systems Format (ASF),video
Microsoft Windows Media,video/x-ms-wm,.wm,Wikipedia: Advanced Systems Format (ASF),video
Microsoft Windows Media Video,video/x-ms-wmv,.wmv,Wikipedia: Advanced Systems Format (ASF),video
Microsoft Windows Media Audio/Video Playlist,video/x-ms-wmx,.wmx,Wikipedia: Advanced Systems Format (ASF),video
Microsoft Windows Media Video Playlist,video/x-ms-wvx,.wvx,Wikipedia: Advanced Systems Format (ASF),video
Audio Video Interleave (AVI),video/x-msvideo,.avi,Wikipedia: AVI,video
SGI Movie,video/x-sgi-movie,.movie,SGI Facts,video
CoolTalk,x-conference/x-cooltalk,.ice,Wikipedia: CoolTalk,unknown
